path,category,description,materials,gemstones,gender,detected_category
data/Jewellery_Data\necklace\necklace_1.jpg,necklace,A delicate gold chain necklace with three evenly spaced pearls ,Gold,Pearl,,Necklace
data/Jewellery_Data\necklace\necklace_10.jpg,necklace,A intricate choker style necklace with gold chain and leaf like embellishments,Gold,,Men,Necklace
data/Jewellery_Data\necklace\necklace_100.jpg,necklace,A delicate gold chain simple round pearl pendant ,Gold,Pearl,,Necklace
data/Jewellery_Data\necklace\necklace_101.jpg,necklace,a gold necklace with a name plate on it,Gold,,,Necklace
data/Jewellery_Data\necklace\necklace_102.jpg,necklace,a Y shape golden necklace with a infinity sign and a white diamond on it.,"Gold,Diamond",Diamond,,Necklace
data/Jewellery_Data\necklace\necklace_103.jpg,necklace,a Y shape necklace with a heart and love letter on it.,,,,Necklace
data/Jewellery_Data\necklace\necklace_104.jpg,necklace,a gold necklace with a small bow shape pendant.,Gold,,,Necklace
data/Jewellery_Data\necklace\necklace_105.jpg,necklace,A two tone necklace with a rose gold infinity symbol and with a small diamond heart in the center.,"Gold,Diamond,Rose Gold",Diamond,,Necklace
data/Jewellery_Data\necklace\necklace_106.jpg,necklace,a gold necklace with a floral heart design.,Gold,,,Necklace
data/Jewellery_Data\necklace\necklace_107.jpg,necklace,a silver necklace with plain infinity symbol and a white diamond infinity symbol on it.,"Diamond,Silver",Diamond,,Necklace
data/Jewellery_Data\necklace\necklace_108.jpg,necklace,a gold necklace with a diamond infinity and golden small heart on it.,"Gold,Diamond",Diamond,,Necklace
data/Jewellery_Data\necklace\necklace_109.jpg,necklace,a golden necklace with a ring  shape diamond in the middle and two small infinity shape around the ring.,"Gold,Diamond",Diamond,,"Ring,Necklace"
data/Jewellery_Data\necklace\necklace_110.jpg,necklace,a gold necklace with two circles and four flowers shape design.,Gold,,,Necklace
data/Jewellery_Data\necklace\necklace_111.jpg,necklace,a gold necklace with four small spherical shape designs.,Gold,,,Necklace
data/Jewellery_Data\necklace\necklace_112.jpg,necklace,a gold bracelet with a four spherical shape design connect to each other.,Gold,,,Bracelet
data/Jewellery_Data\necklace\necklace_113.jpg,necklace,a gold necklace with a chain and a five balls like design connect to each other with small diamonds.,"Gold,Diamond",Diamond,,Necklace
data/Jewellery_Data\necklace\necklace_114.jpg,necklace,a gold necklace with a pearl drop and two flat circle shape that connects the pearl to the necklace ,Gold,Pearl,,Necklace
data/Jewellery_Data\necklace\necklace_115.jpg,necklace,a double gold chain necklace with a butterflies and flowers.,Gold,,,Necklace
data/Jewellery_Data\necklace\necklace_116.jpg,necklace,a gold necklace with a small six geometric elements.,Gold,,Men,Necklace
data/Jewellery_Data\necklace\necklace_117.jpg,necklace,a gold necklace with a chain and a many oval shape design on it.,Gold,,Men,Necklace
data/Jewellery_Data\necklace\necklace_118.jpg,necklace,a gold necklace with a two rings at the middle.,Gold,,,"Ring,Necklace"
data/Jewellery_Data\necklace\necklace_119.jpg,necklace,a gold necklace with a small teddy shape pendant in the middle.,Gold,,,Necklace
data/Jewellery_Data\necklace\necklace_12.jpg,necklace,a double layer necklace with two black and yellow beads on each of them.,,,,Necklace
data/Jewellery_Data\necklace\necklace_120.jpg,necklace,a simple plain two layers gold necklace.,Gold,,,Necklace
data/Jewellery_Data\necklace\necklace_121.jpg,necklace,a gold long chain and a single hoop choker necklace.,Gold,,,"Earring,Necklace"
data/Jewellery_Data\necklace\necklace_122.jpg,necklace,a gold necklace with a small square pendant.,Gold,,,Necklace
data/Jewellery_Data\necklace\necklace_123.jpg,necklace,a gold necklace with a circle pendant and a diamond in the middle.,"Gold,Diamond",Diamond,,Necklace
data/Jewellery_Data\necklace\necklace_124.jpg,necklace,a gold necklace with rectangle shape heart on it.,Gold,,,Necklace
data/Jewellery_Data\necklace\necklace_125.jpg,necklace,a gold necklace with a single flower and leaf like a pendant.,Gold,,,Necklace
data/Jewellery_Data\necklace\necklace_126.jpg,necklace,a gold necklace with a small leaf like a pendant.,Gold,,,Necklace
data/Jewellery_Data\necklace\necklace_127.jpg,necklace,a gold double layer necklace with circles at edges.,Gold,,,Necklace
data/Jewellery_Data\necklace\necklace_128.jpg,necklace,a gold necklace with a oval shape diamond pendant.,"Gold,Diamond",Diamond,,Necklace
data/Jewellery_Data\necklace\necklace_129.jpg,necklace,a gold necklace with a three square attached to each other like pendant,Gold,,,Necklace
data/Jewellery_Data\necklace\necklace_130.jpg,necklace,a gold necklace with a cylindercal shape pendant on the front.,Gold,,,Necklace
data/Jewellery_Data\necklace\necklace_131.jpg,necklace,a gold necklace with a key shape pendant which has small butterfly on it.,Gold,,,Necklace
data/Jewellery_Data\necklace\necklace_132.jpg,necklace,a gold necklace with a cube shape flower design on the front.,Gold,,,Necklace
data/Jewellery_Data\necklace\necklace_133.jpg,necklace,a gold necklace with a cube shape pendant and fringe on it.,Gold,,,"Ring,Necklace"
data/Jewellery_Data\necklace\necklace_134.jpg,necklace,a gold three layer necklace with different small flower pendant on it layer.,Gold,,,Necklace
data/Jewellery_Data\necklace\necklace_135.jpg,necklace,a gold necklace with a long leaf pendant and pearl diamond at the end of the fringe.,"Gold,Diamond","Diamond,Pearl",,"Ring,Necklace"
data/Jewellery_Data\necklace\necklace_136.jpg,necklace,a gold necklace with a small three circle falling downward pendant.,Gold,,,Necklace
data/Jewellery_Data\necklace\necklace_137.jpg,necklace,a gold necklace with a butterfly and hanging heart pendant.,Gold,,,Necklace
data/Jewellery_Data\necklace\necklace_138.jpg,necklace,a gold necklace with a white and yellow diamond and flowers pendant with one fringe.,"Gold,Diamond",Diamond,,"Ring,Necklace"
data/Jewellery_Data\necklace\necklace_139.jpg,necklace,a gold necklace with a flower design and pearl pendant.,Gold,Pearl,,Necklace
data/Jewellery_Data\necklace\necklace_14.jpg,necklace,a simple three layer gold necklace with four purple stone at the one edge.,Gold,,,Necklace
data/Jewellery_Data\necklace\necklace_141.jpg,necklace,a gold chain with a flower pendant.,Gold,,,Necklace
data/Jewellery_Data\necklace\necklace_143.jpg,necklace,a gold and pearl three layer necklace with a flower design.,Gold,Pearl,,Necklace
data/Jewellery_Data\necklace\necklace_144.jpg,necklace,a gold necklace with a black diamond and a butterfly shape hanging pendant.,"Gold,Diamond",Diamond,,Necklace
data/Jewellery_Data\necklace\necklace_145.jpg,necklace,a gold necklace with a curved design pendant.,Gold,,,Necklace
data/Jewellery_Data\necklace\necklace_146.jpg,necklace,a gold necklace with a triangle shape pendant on the front,Gold,,,Necklace
data/Jewellery_Data\necklace\necklace_147.jpg,necklace,a gold necklace with a two square shaped pendant,Gold,,,Necklace
data/Jewellery_Data\necklace\necklace_149.jpg,necklace,a gold necklace with five  triangles on it in the middle ,Gold,,,Necklace
data/Jewellery_Data\necklace\necklace_15.jpg,necklace,a three layers necklace with green stones and a gold chain,Gold,,,Necklace
data/Jewellery_Data\necklace\necklace_151.jpg,necklace,a gold necklace with circles on it,Gold,,,Necklace
data/Jewellery_Data\necklace\necklace_153.jpg,necklace,a gold necklace with many small  discs like pendant in the middle.,Gold,,Men,Necklace
data/Jewellery_Data\necklace\necklace_154.jpg,necklace,a three layers gold and pearl necklace with a diamond and flower pendant.,"Gold,Diamond","Diamond,Pearl",,Necklace
data/Jewellery_Data\necklace\necklace_155.jpg,necklace,a gold necklace with pearls and rectangle shape pendant.,Gold,Pearl,,Necklace
data/Jewellery_Data\necklace\necklace_156.jpg,necklace,a gold necklace with a pearl and half circle pendant.,Gold,Pearl,,Necklace
data/Jewellery_Data\necklace\necklace_158.jpg,necklace,a simple gold necklace with a small hanging coin on it.,Gold,,,Necklace
data/Jewellery_Data\necklace\necklace_16.jpg,necklace,a three layers gold necklace with a black and green diamond on it ,"Gold,Diamond",Diamond,,Necklace
data/Jewellery_Data\necklace\necklace_160.jpg,necklace,a gold necklace with a three  hexagon shape pendant.,Gold,,,Necklace
data/Jewellery_Data\necklace\necklace_161.jpg,necklace,a rose gold necklace with a small diamond circle pendant.,"Gold,Diamond,Rose Gold",Diamond,,Necklace
data/Jewellery_Data\necklace\necklace_162.jpg,necklace,a gold necklace with a black stone and a gold chain and a small circle shape pendant.,Gold,,,Necklace
data/Jewellery_Data\necklace\necklace_164.jpg,necklace,a gold necklace with a triangle and a diamond,"Gold,Diamond",Diamond,,Necklace
data/Jewellery_Data\necklace\necklace_165.jpg,necklace,a three layers necklace with a long chain and a blue and pink stone on it.,,,,Necklace
data/Jewellery_Data\necklace\necklace_167.jpg,necklace,a gold three layer necklace with small l circles on it.,Gold,,,Necklace
data/Jewellery_Data\necklace\necklace_169.jpg,necklace,a gold necklace with green stones and a gold disc.,Gold,,,Necklace
data/Jewellery_Data\necklace\necklace_170.jpg,necklace,a necklace with a purple stone and a rose cut diamond,Diamond,Diamond,,Necklace
data/Jewellery_Data\necklace\necklace_171.jpg,necklace,a gold necklace with a disc pendant,Gold,,,Necklace
data/Jewellery_Data\necklace\necklace_172.jpg,necklace,a gold necklace with cube shape pendant ,Gold,,,Necklace
data/Jewellery_Data\necklace\necklace_173.jpg,necklace,a three layers necklace with purple and golden stones.,Gold,,,Necklace
data/Jewellery_Data\necklace\necklace_174.jpg,necklace,a gold necklace with a circle design,Gold,,,Necklace
data/Jewellery_Data\necklace\necklace_175.jpg,necklace,a three layer gold necklace with five discs and square on it.,Gold,,,Necklace
data/Jewellery_Data\necklace\necklace_176.jpg,necklace,a gold two layer necklace with a three flower shape hanging pendant.,Gold,,,Necklace
data/Jewellery_Data\necklace\necklace_177.jpg,necklace,a gold necklace with purple and golden ring making a triangle shape pendant.,Gold,,,"Ring,Necklace"
data/Jewellery_Data\necklace\necklace_178.jpg,necklace,a gold necklace with three inter links circle pendant.,Gold,,,Necklace
data/Jewellery_Data\necklace\necklace_179.jpg,necklace,a gold with three interlink circles design necklace.,Gold,,,Necklace
data/Jewellery_Data\necklace\necklace_18.jpg,necklace,"a necklace with a long chain and a yellow, black and white stone.",,,,Necklace
data/Jewellery_Data\necklace\necklace_180.jpg,necklace,a gold necklace with circles on it.,Gold,,,Necklace
data/Jewellery_Data\necklace\necklace_181.jpg,necklace,a necklace with a pearl and a flower design pendant.,,Pearl,,Necklace
data/Jewellery_Data\necklace\necklace_182.jpg,necklace,the gold necklace with small small circles.,Gold,,,Necklace
data/Jewellery_Data\necklace\necklace_183.jpg,necklace,a gold necklace with two layer chain and a balls on it.,Gold,,,Necklace
data/Jewellery_Data\necklace\necklace_184.jpg,necklace,a gold chain with a two interlink circle has a pendant.,Gold,,,Necklace
data/Jewellery_Data\necklace\necklace_185.jpg,necklace,the gold chain necklace with a four rectangle shape pendant.,Gold,,,Necklace
data/Jewellery_Data\necklace\necklace_186.jpg,necklace,a gold and diamond necklace,"Gold,Diamond",Diamond,,Necklace
data/Jewellery_Data\necklace\necklace_187.jpg,necklace,the gold chain necklace with Fringe.,Gold,,,"Ring,Necklace"
data/Jewellery_Data\necklace\necklace_188.jpg,necklace,the two layers gold chain necklace with small balls.,Gold,,,Necklace
data/Jewellery_Data\necklace\necklace_189.jpg,necklace,the gold ball necklace.,Gold,,,Necklace
data/Jewellery_Data\necklace\necklace_19.jpg,necklace,a necklace with black and white stones,,,,Necklace
data/Jewellery_Data\necklace\necklace_190.jpg,necklace,the gold ball necklace,Gold,,,Necklace
data/Jewellery_Data\necklace\necklace_191.jpg,necklace,a gold ball necklace with a four layers.,Gold,,,Necklace
data/Jewellery_Data\necklace\necklace_192.jpg,necklace,a gold necklace with a many  twirl chains.,Gold,,Men,Necklace
data/Jewellery_Data\necklace\necklace_193.jpg,necklace,the two layers gold necklace with a small balls.,Gold,,,Necklace
data/Jewellery_Data\necklace\necklace_194.jpg,necklace,the gold chain three layer necklace with small balls on it ,Gold,,,Necklace
data/Jewellery_Data\necklace\necklace_195.jpg,necklace,the gold chain four layer necklace with small beads on it.,Gold,,,Necklace
data/Jewellery_Data\necklace\necklace_196.jpg,necklace,a gold ball chain necklace,Gold,,,Necklace
data/Jewellery_Data\necklace\necklace_197.jpg,necklace,a gold ball chain necklace,Gold,,,Necklace
data/Jewellery_Data\necklace\necklace_198.jpg,necklace,the gold chain necklace with a white stone,Gold,,,Necklace
data/Jewellery_Data\necklace\necklace_199.jpg,necklace,a gold and silver necklace with a sliver and golden balls on it.,"Gold,Silver",,,Necklace
data/Jewellery_Data\necklace\necklace_2.jpg,necklace,a necklace with purple and golden pearl pendant.,Gold,Pearl,,Necklace
data/Jewellery_Data\necklace\necklace_20.jpg,necklace,a necklace with green and golden stones.,Gold,,,Necklace
data/Jewellery_Data\necklace\necklace_200.jpg,necklace,a gold necklace with a circular design,Gold,,,Necklace
data/Jewellery_Data\necklace\necklace_201.jpg,necklace,a gold necklace with a diamond bar and a white diamond,"Gold,Diamond",Diamond,,Necklace
data/Jewellery_Data\necklace\necklace_202.jpg,necklace,a gold necklace with two birds on it,Gold,,,Necklace
data/Jewellery_Data\necklace\necklace_203.jpg,necklace,a gold necklace with a white pearl.,Gold,Pearl,,Necklace
data/Jewellery_Data\necklace\necklace_204.jpg,necklace,a gold and pearl necklace,Gold,Pearl,,Necklace
data/Jewellery_Data\necklace\necklace_205.jpg,necklace,a gold necklace with a five pearl making a traingle shape pendant.,Gold,Pearl,,Necklace
data/Jewellery_Data\necklace\necklace_206.jpg,necklace,a single pearl necklace,,Pearl,,Necklace
data/Jewellery_Data\necklace\necklace_207.jpg,necklace,a gold necklace with a heart and the word love,Gold,,,Necklace
data/Jewellery_Data\necklace\necklace_208.jpg,necklace,a gold necklace with a bar shape  pendant.,Gold,,,Necklace
data/Jewellery_Data\necklace\necklace_209.jpg,necklace,a gold simple chain necklace.,Gold,,,Necklace
data/Jewellery_Data\necklace\necklace_21.jpg,necklace,a necklace with black and white beads,,,,Necklace
data/Jewellery_Data\necklace\necklace_210.jpg,necklace,a gold chain necklace.,Gold,,,Necklace
data/Jewellery_Data\necklace\necklace_212.jpg,necklace,a simple silver chain.,Silver,,,Necklace
data/Jewellery_Data\necklace\necklace_213.jpg,necklace,a simple silver plain chain. ,Silver,,,Necklace
data/Jewellery_Data\necklace\necklace_214.jpg,necklace,a simple link solid silver chain.,Silver,,,Necklace
data/Jewellery_Data\necklace\necklace_215.jpg,necklace,a simple loop like silver chain.,Silver,,,Necklace
data/Jewellery_Data\necklace\necklace_216.jpg,necklace,a simple silver chain with a silver ball connecting each other.,Silver,,,Necklace
data/Jewellery_Data\necklace\necklace_217.jpg,necklace,a silver chain,Silver,,,Necklace
data/Jewellery_Data\necklace\necklace_218.jpg,necklace,a silver and gold thick chain.,"Gold,Silver",,,Necklace
data/Jewellery_Data\necklace\necklace_219.jpg,necklace,a rose gold chain necklace.,"Gold,Rose Gold",,,Necklace
data/Jewellery_Data\necklace\necklace_22.jpg,necklace,a necklace with blue and a white beads.,,,,Necklace
data/Jewellery_Data\necklace\necklace_220.jpg,necklace,a gold three layer simple chain like necklace.,Gold,,,Necklace
data/Jewellery_Data\necklace\necklace_221.jpg,necklace,a gold chain necklace.,Gold,,,Necklace
data/Jewellery_Data\necklace\necklace_222.jpg,necklace,a gold chain.,Gold,,,Necklace
data/Jewellery_Data\necklace\necklace_223.jpg,necklace,a gold thick chain.,Gold,,,Necklace
data/Jewellery_Data\necklace\necklace_224.jpg,necklace,a gold thick chain.,Gold,,,Necklace
data/Jewellery_Data\necklace\necklace_225.jpg,necklace,a gold plain thick chain.,Gold,,,Necklace
data/Jewellery_Data\necklace\necklace_226.jpg,necklace,a gold plain chain necklace.,Gold,,,Necklace
data/Jewellery_Data\necklace\necklace_227.jpg,necklace,a gold chain with interlink design necklace.,Gold,,,Necklace
data/Jewellery_Data\necklace\necklace_228.jpg,necklace,a gold chain with a interlink design.,Gold,,,Necklace
data/Jewellery_Data\necklace\necklace_229.jpg,necklace,a gold chain necklace.,Gold,,,Necklace
data/Jewellery_Data\necklace\necklace_23.jpg,necklace,a necklace with a long chain and a small beads of yellow and black colour.,,,,Necklace
data/Jewellery_Data\necklace\necklace_230.jpg,necklace,a gold thick chain  necklace.,Gold,,,Necklace
data/Jewellery_Data\necklace\necklace_231.jpg,necklace,a gold necklace with a twisted rope,Gold,,,Necklace
data/Jewellery_Data\necklace\necklace_232.jpg,necklace,a gold necklace with a twisted rope,Gold,,,Necklace
data/Jewellery_Data\necklace\necklace_233.jpg,necklace,a gold necklace with a white diamond beads.,"Gold,Diamond",Diamond,,Necklace
data/Jewellery_Data\necklace\necklace_234.jpg,necklace,a gold necklace with a white diamond beads.,"Gold,Diamond",Diamond,,Necklace
data/Jewellery_Data\necklace\necklace_235.jpg,necklace,a gold necklace with a white and grey beads.,Gold,,,Necklace
data/Jewellery_Data\necklace\necklace_236.jpg,necklace,a gold necklace with a small stone and a hanging pendant.,Gold,,,Necklace
data/Jewellery_Data\necklace\necklace_237.jpg,necklace,a necklace with a gold chain and a white bea,Gold,,,Necklace
data/Jewellery_Data\necklace\necklace_238.jpg,necklace,a simple silver chain.,Silver,,,Necklace
data/Jewellery_Data\necklace\necklace_239.jpg,necklace,a gold necklace with a chain,Gold,,,Necklace
data/Jewellery_Data\necklace\necklace_24.jpg,necklace,a necklace with a gold and white beads,Gold,,,Necklace
data/Jewellery_Data\necklace\necklace_240.jpg,necklace,a gold necklace with a chain,Gold,,,Necklace
data/Jewellery_Data\necklace\necklace_241.jpg,necklace,a gold chain.,Gold,,,Necklace
data/Jewellery_Data\necklace\necklace_242.jpg,necklace,a gold necklace with simple chain ,Gold,,,Necklace
data/Jewellery_Data\necklace\necklace_243.jpg,necklace,a gold necklace with a chain,Gold,,,Necklace
data/Jewellery_Data\necklace\necklace_244.jpg,necklace,a gold and silver chain.,"Gold,Silver",,,Necklace
data/Jewellery_Data\necklace\necklace_245.jpg,necklace,a gold necklace with a chain,Gold,,,Necklace
data/Jewellery_Data\necklace\necklace_246.jpg,necklace,a gold necklace with a chain,Gold,,,Necklace
data/Jewellery_Data\necklace\necklace_247.jpg,necklace,a gold chain necklace.,Gold,,,Necklace
data/Jewellery_Data\necklace\necklace_248.jpg,necklace,a gold and silver chain necklace.,"Gold,Silver",,,Necklace
data/Jewellery_Data\necklace\necklace_249.jpg,necklace,a gold chain with interlink design.,Gold,,,Necklace
data/Jewellery_Data\necklace\necklace_25.jpg,necklace,a necklace with green and gold stones.,Gold,,,Necklace
data/Jewellery_Data\necklace\necklace_250.jpg,necklace,a gold necklace with a single chain,Gold,,,Necklace
data/Jewellery_Data\necklace\necklace_251.jpg,necklace,a gold necklace with a simple chain ,Gold,,,Necklace
data/Jewellery_Data\necklace\necklace_252.jpg,necklace,a gold chain necklace with a small rectangle shape on it.,Gold,,,Necklace
data/Jewellery_Data\necklace\necklace_253.jpg,necklace,a thick gold chain necklace.,Gold,,,Necklace
data/Jewellery_Data\necklace\necklace_254.jpg,necklace,a gold chain necklace with a beautiful chain pattern.,Gold,,,Necklace
data/Jewellery_Data\necklace\necklace_255.jpg,necklace,a gold necklace with a long chain and circle and rectangle on it.,Gold,,,Necklace
data/Jewellery_Data\necklace\necklace_256.jpg,necklace,a gold chain with a link of small rectangle.,Gold,,,Necklace
data/Jewellery_Data\necklace\necklace_257.jpg,necklace,a gold chain with a circular design,Gold,,,Necklace
data/Jewellery_Data\necklace\necklace_258.jpg,necklace,a gold chain with a long link,Gold,,,Necklace
data/Jewellery_Data\necklace\necklace_259.jpg,necklace,a gold chain with a single link,Gold,,,Necklace
data/Jewellery_Data\necklace\necklace_26.jpg,necklace,"a necklace with blue, black  and white stones.",,,,Necklace
data/Jewellery_Data\necklace\necklace_260.jpg,necklace,a gold chain,Gold,,,Necklace
data/Jewellery_Data\necklace\necklace_261.jpg,necklace,a gold chain with a single ball,Gold,,,Necklace
data/Jewellery_Data\necklace\necklace_262.jpg,necklace,a gold chain with a long link,Gold,,,Necklace
data/Jewellery_Data\necklace\necklace_263.jpg,necklace,a gold chain with a long link,Gold,,,Necklace
data/Jewellery_Data\necklace\necklace_264.jpg,necklace,a gold chain with a pairs of three balls on the chain ,Gold,,,Necklace
data/Jewellery_Data\necklace\necklace_265.jpg,necklace,a gold chain with a balls on it.,Gold,,,Necklace
data/Jewellery_Data\necklace\necklace_266.jpg,necklace,a gold chain with a small balls on the chain.,Gold,,,Necklace
data/Jewellery_Data\necklace\necklace_267.jpg,necklace,a gold chain with a pair of two ball on the chain.,Gold,,,Necklace
data/Jewellery_Data\necklace\necklace_268.jpg,necklace,a gold chain with a balls on it.,Gold,,,Necklace
data/Jewellery_Data\necklace\necklace_269.jpg,necklace,a gold and diamond necklace,"Gold,Diamond",Diamond,,Necklace
data/Jewellery_Data\necklace\necklace_27.jpg,necklace,a necklace with greenandvgold stones.,Gold,,,Necklace
data/Jewellery_Data\necklace\necklace_270.jpg,necklace,a gold chain with a single beads on it,Gold,,,Necklace
data/Jewellery_Data\necklace\necklace_271.jpg,necklace,a gold chain,Gold,,,Necklace
data/Jewellery_Data\necklace\necklace_272.jpg,necklace,"a gold chain with a long, twisted design",Gold,,,Necklace
data/Jewellery_Data\necklace\necklace_273.jpg,necklace,"a gold chain with a long, twisted design",Gold,,,Necklace
data/Jewellery_Data\necklace\necklace_274.jpg,necklace,a gold chain,Gold,,,Necklace
data/Jewellery_Data\necklace\necklace_275.jpg,necklace,a gold chain with a single chain,Gold,,,Necklace
data/Jewellery_Data\necklace\necklace_276.jpg,necklace,a gold chain.,Gold,,,Necklace
data/Jewellery_Data\necklace\necklace_277.jpg,necklace,a gold chain with a twirl.,Gold,,,Necklace
data/Jewellery_Data\necklace\necklace_278.jpg,necklace,a gold chain necklace.,Gold,,,Necklace
data/Jewellery_Data\necklace\necklace_279.jpg,necklace,"a gold chain with a long, twisted design",Gold,,,Necklace
data/Jewellery_Data\necklace\necklace_28.jpg,necklace,a necklace with red and white beads,,,,Necklace
data/Jewellery_Data\necklace\necklace_280.jpg,necklace,a pair of gold chains,Gold,,,Necklace
data/Jewellery_Data\necklace\necklace_281.jpg,necklace,a gold chain with a rope like design.,Gold,,,Necklace
data/Jewellery_Data\necklace\necklace_282.jpg,necklace,a diamond and gold beads with black beads inside like gold necklace.,"Gold,Diamond",Diamond,,Necklace
data/Jewellery_Data\necklace\necklace_283.jpg,necklace,a gold chain with a single link,Gold,,,Necklace
data/Jewellery_Data\necklace\necklace_284.jpg,necklace,a gold chain with a long link,Gold,,,Necklace
data/Jewellery_Data\necklace\necklace_285.jpg,necklace,a gold chain.,Gold,,,Necklace
data/Jewellery_Data\necklace\necklace_286.jpg,necklace,a gold chain with a clasp,Gold,,,Necklace
data/Jewellery_Data\necklace\necklace_287.jpg,necklace,a gold chain with a clasp,Gold,,,Necklace
data/Jewellery_Data\necklace\necklace_288.jpg,necklace,a gold chain with a clasp,Gold,,,Necklace
data/Jewellery_Data\necklace\necklace_289.jpg,necklace,a gold chain with a clasp,Gold,,,Necklace
data/Jewellery_Data\necklace\necklace_29.jpg,necklace,a heart shaped pendant with a silver chain necklace.,Silver,,,Necklace
data/Jewellery_Data\necklace\necklace_290.jpg,necklace,a gold chain.,Gold,,,Necklace
data/Jewellery_Data\necklace\necklace_291.jpg,necklace,a gold chain with a clasp,Gold,,,Necklace
data/Jewellery_Data\necklace\necklace_292.jpg,necklace,a gold chain,Gold,,,Necklace
data/Jewellery_Data\necklace\necklace_293.jpg,necklace,a gold chain,Gold,,,Necklace
data/Jewellery_Data\necklace\necklace_294.jpg,necklace,a gold chain with a single balls on it,Gold,,,Necklace
data/Jewellery_Data\necklace\necklace_295.jpg,necklace,a gold chain with a balls on the chain,Gold,,,Necklace
data/Jewellery_Data\necklace\necklace_296.jpg,necklace,a gold chain with a single balls on it,Gold,,,Necklace
data/Jewellery_Data\necklace\necklace_297.jpg,necklace,a gold necklace with chain,Gold,,,Necklace
data/Jewellery_Data\necklace\necklace_298.jpg,necklace,a gold chain with a single chain,Gold,,,Necklace
data/Jewellery_Data\necklace\necklace_299.jpg,necklace,a gold necklace with a chain,Gold,,,Necklace
data/Jewellery_Data\necklace\necklace_3.jpg,necklace,a gold necklace with green and golden beads.,Gold,,,Necklace
data/Jewellery_Data\necklace\necklace_30.jpg,necklace,a gold necklace with a small yellow stone,Gold,,,Necklace
data/Jewellery_Data\necklace\necklace_300.jpg,necklace,a gold necklace with a chain,Gold,,,Necklace
data/Jewellery_Data\necklace\necklace_301.jpg,necklace,a gold chain with a single link,Gold,,,Necklace
data/Jewellery_Data\necklace\necklace_302.jpg,necklace,a gold chain with a single link,Gold,,,Necklace
data/Jewellery_Data\necklace\necklace_303.jpg,necklace,a gold thick chain.,Gold,,,Necklace
data/Jewellery_Data\necklace\necklace_304.jpg,necklace,a gold thick chain.,Gold,,,Necklace
data/Jewellery_Data\necklace\necklace_305.jpg,necklace,a gold thick chain.,Gold,,,Necklace
data/Jewellery_Data\necklace\necklace_306.jpg,necklace,a gold chain with a long link,Gold,,,Necklace
data/Jewellery_Data\necklace\necklace_307.jpg,necklace,a gold necklace with a chain,Gold,,,Necklace
data/Jewellery_Data\necklace\necklace_308.jpg,necklace,a gold necklace thick like chain ,Gold,,,Necklace
data/Jewellery_Data\necklace\necklace_309.jpg,necklace,gold plain chain necklace ,Gold,,,Necklace
data/Jewellery_Data\necklace\necklace_31.jpg,necklace,a necklace with a green stone on it,,,,Necklace
data/Jewellery_Data\necklace\necklace_310.jpg,necklace,a gold chain like a single chain,Gold,,,Necklace
data/Jewellery_Data\necklace\necklace_311.jpg,necklace,a gold  thick chain ,Gold,,,Necklace
data/Jewellery_Data\necklace\necklace_312.jpg,necklace,a gold chain like a twirl design ,Gold,,,Necklace
data/Jewellery_Data\necklace\necklace_313.jpg,necklace,a gold thick chain.,Gold,,,Necklace
data/Jewellery_Data\necklace\necklace_314.jpg,necklace,a gold thick chain. ,Gold,,,Necklace
data/Jewellery_Data\necklace\necklace_315.jpg,necklace,a gold chain,Gold,,,Necklace
data/Jewellery_Data\necklace\necklace_316.jpg,necklace,a gold thin chain necklace ,Gold,,,Necklace
data/Jewellery_Data\necklace\necklace_317.jpg,necklace,a gold thin chain necklace ,Gold,,,Necklace
data/Jewellery_Data\necklace\necklace_318.jpg,necklace,a gold thin chain necklace ,Gold,,,Necklace
data/Jewellery_Data\necklace\necklace_319.jpg,necklace,a gold chain with a single link,Gold,,,Necklace
data/Jewellery_Data\necklace\necklace_32.jpg,necklace,a silver necklace with a bar shape pendant on it.,Silver,,,Necklace
data/Jewellery_Data\necklace\necklace_320.jpg,necklace,a gold chain with a single link,Gold,,,Necklace
data/Jewellery_Data\necklace\necklace_33.jpg,necklace,a gold necklace with a three small bar pendant.,Gold,,,Necklace
data/Jewellery_Data\necklace\necklace_34.jpg,necklace,a silver necklace with a small diamond pendant.,"Diamond,Silver",Diamond,,Necklace
data/Jewellery_Data\necklace\necklace_35.jpg,necklace,a gold necklace with a pearl and love written on it,Gold,Pearl,,Necklace
data/Jewellery_Data\necklace\necklace_36.jpg,necklace,a gold necklace with a small white diamond,"Gold,Diamond",Diamond,,Necklace
data/Jewellery_Data\necklace\necklace_37.jpg,necklace,a gold necklace with a diamond leaf shape pattern.,"Gold,Diamond",Diamond,,Necklace
data/Jewellery_Data\necklace\necklace_38.jpg,necklace,a gold necklace with diamond leaf shape pattern ,"Gold,Diamond",Diamond,,Necklace
data/Jewellery_Data\necklace\necklace_39.jpg,necklace,a gold necklace luke chain with a big leaf like pendant in the centre.,Gold,,,Necklace
data/Jewellery_Data\necklace\necklace_4.jpg,necklace,a gold necklace with black and white stones,Gold,,,Necklace
data/Jewellery_Data\necklace\necklace_40.jpg,necklace,a gold diamond necklace ,"Gold,Diamond",Diamond,,Necklace
data/Jewellery_Data\necklace\necklace_41.jpg,necklace,a gold with black stone necklace ,Gold,,,Necklace
data/Jewellery_Data\necklace\necklace_42.jpg,necklace,a diamond and gold necklace with hanging pendant.,"Gold,Diamond",Diamond,,Necklace
data/Jewellery_Data\necklace\necklace_43.jpg,necklace,a gold and diamond necklace with a small heart charm.,"Gold,Diamond",Diamond,,Necklace
data/Jewellery_Data\necklace\necklace_44.jpg,necklace,a gold and diamond necklace.,"Gold,Diamond",Diamond,,Necklace
data/Jewellery_Data\necklace\necklace_45.jpg,necklace,a gold and diamond necklace with small circle shape design on it.,"Gold,Diamond",Diamond,,Necklace
data/Jewellery_Data\necklace\necklace_46.jpg,necklace,a gold necklace with a white and black beads,Gold,,,Necklace
data/Jewellery_Data\necklace\necklace_47.jpg,necklace,a necklace with a pink flower on it,,,,Necklace
data/Jewellery_Data\necklace\necklace_48.jpg,necklace,a gold necklace with a diamond and a gold chain,"Gold,Diamond",Diamond,,Necklace
data/Jewellery_Data\necklace\necklace_49.jpg,necklace,a gold necklace with diamonds,"Gold,Diamond",Diamond,,Necklace
data/Jewellery_Data\necklace\necklace_50.jpg,necklace,a gold necklace  with a small crown pendant ,Gold,,,Necklace
data/Jewellery_Data\necklace\necklace_51.jpg,necklace,a gold double layer necklace with a flower design,Gold,,,Necklace
data/Jewellery_Data\necklace\necklace_52.jpg,necklace,a gold chain necklace with a flower shape pendant.,Gold,,,Necklace
data/Jewellery_Data\necklace\necklace_53.jpg,necklace,a gold double layer necklace with flower pendant on both.,Gold,,,Necklace
data/Jewellery_Data\necklace\necklace_54.jpg,necklace,a gold bracelet with a sunflower like pendant.,Gold,,,"Necklace,Bracelet"
data/Jewellery_Data\necklace\necklace_55.jpg,necklace,a silver necklace with a white flower like big pendant on it,Silver,,,Necklace
data/Jewellery_Data\necklace\necklace_56.jpg,necklace,a necklace with a pink flower like big pendant on it,,,,Necklace
data/Jewellery_Data\necklace\necklace_57.jpg,necklace,a necklace with a black flower like big pendant on it,,,,Necklace
data/Jewellery_Data\necklace\necklace_58.jpg,necklace,a necklace with a white S shape like diamond pendant on it.,Diamond,Diamond,,Necklace
data/Jewellery_Data\necklace\necklace_59.jpg,necklace,a necklace with a white S shape like diamond pendant and pink flower on it.,Diamond,Diamond,,Necklace
data/Jewellery_Data\necklace\necklace_6.jpg,necklace,a gold necklace with a purple heart shaped pendant.,Gold,,,Necklace
data/Jewellery_Data\necklace\necklace_60.jpg,necklace,a necklace with a white S shape like diamond pendant and black  flower on it.,Diamond,Diamond,,Necklace
data/Jewellery_Data\necklace\necklace_61.jpg,necklace,a silver necklace with a silver and diamond flower pendant.,"Diamond,Silver",Diamond,,Necklace
data/Jewellery_Data\necklace\necklace_62.jpg,necklace,a silver necklace with a flower  shaped pendant and diamond on it ,"Diamond,Silver",Diamond,,Necklace
data/Jewellery_Data\necklace\necklace_63.jpg,necklace,a silver necklace with a black flower shaped pendant and diamond on it.,"Diamond,Silver",Diamond,,Necklace
data/Jewellery_Data\necklace\necklace_64.jpg,necklace,silver necklace with a white  flower  shaped pendant and diamond on it ,"Diamond,Silver",Diamond,,Necklace
data/Jewellery_Data\necklace\necklace_65.jpg,necklace,a necklace with a glass flower shape on it.,,,,Necklace
data/Jewellery_Data\necklace\necklace_66.jpg,necklace,a necklace with a glass flower shape on it.,,,,Necklace
data/Jewellery_Data\necklace\necklace_67.jpg,necklace,a necklace with a glass flower shape on it.,,,,Necklace
data/Jewellery_Data\necklace\necklace_68.jpg,necklace,a necklace with a black flower shape on it.,,,,Necklace
data/Jewellery_Data\necklace\necklace_69.jpg,necklace,a silver necklace with a blue and white pendant,Silver,,,Necklace
data/Jewellery_Data\necklace\necklace_7.jpg,necklace,a gold necklace with a blue heart,Gold,,,Necklace
data/Jewellery_Data\necklace\necklace_70.jpg,necklace,a necklace with a green and white stone pendant,,,,Necklace
data/Jewellery_Data\necklace\necklace_71.jpg,necklace,a silver diamond necklace with a curved design pendant.,"Diamond,Silver",Diamond,,Necklace
data/Jewellery_Data\necklace\necklace_72.jpg,necklace,a rose gold necklace with leaf shape diamonds pendant ,"Gold,Diamond,Rose Gold",Diamond,,Necklace
data/Jewellery_Data\necklace\necklace_73.jpg,necklace,a gold necklace with a two leaf interlinked making a pendant.,Gold,,,Necklace
data/Jewellery_Data\necklace\necklace_74.jpg,necklace,the gold and diamond necklace with leaf like shape ,"Gold,Diamond",Diamond,,Necklace
data/Jewellery_Data\necklace\necklace_75.jpg,necklace,a gold necklace with a diamond pendant and fringe.,"Gold,Diamond",Diamond,,"Ring,Necklace"
data/Jewellery_Data\necklace\necklace_76.jpg,necklace,a gold necklace with a diamond shape flower pendant and a two fringe.,"Gold,Diamond",Diamond,,"Ring,Necklace"
data/Jewellery_Data\necklace\necklace_77.jpg,necklace,a gold necklace with a diamond shape flower pendant and a two fringe.,"Gold,Diamond",Diamond,,"Ring,Necklace"
data/Jewellery_Data\necklace\necklace_78.jpg,necklace,a gold pendant with a little angel holding a diamond,"Gold,Diamond",Diamond,,Necklace
data/Jewellery_Data\necklace\necklace_79.jpg,necklace,the love knot pendant,,,,Necklace
data/Jewellery_Data\necklace\necklace_80.jpg,necklace,a gold necklace with a white small heart and a gold chain,Gold,,,Necklace
data/Jewellery_Data\necklace\necklace_81.jpg,necklace,a gold necklace with a cross charm.,Gold,,,Necklace
data/Jewellery_Data\necklace\necklace_82.jpg,necklace,a necklace with emerald and diamond like a peacock feathers.,Diamond,"Diamond,Emerald",,Necklace
data/Jewellery_Data\necklace\necklace_83.jpg,necklace,a necklace with peacocks shape  and pearls.,,Pearl,,Necklace
data/Jewellery_Data\necklace\necklace_84.jpg,necklace,a four layer necklace with pink flowers and silver beads on it.,Silver,,,Necklace
data/Jewellery_Data\necklace\necklace_85.jpg,necklace,a four layer necklace with pearls and gold beads.,Gold,Pearl,,Necklace
data/Jewellery_Data\necklace\necklace_86.jpg,necklace,a five layer necklace with pearls and gold work on it.,Gold,Pearl,,Necklace
data/Jewellery_Data\necklace\necklace_87.jpg,necklace,a gold necklace with pink stones and gold design by Circle and each circle are connected to each other ,Gold,,,Necklace
data/Jewellery_Data\necklace\necklace_88.jpg,necklace,a gold and diamond necklace with each fringe has a leaf like pendant.,"Gold,Diamond",Diamond,,"Ring,Necklace"
data/Jewellery_Data\necklace\necklace_89.jpg,necklace,a necklace with green and white stones and a lotus like pendant.,,,,Necklace
data/Jewellery_Data\necklace\necklace_9.jpg,necklace,a gold necklace with a purple stone and a flower like pendant.,Gold,,,Necklace
data/Jewellery_Data\necklace\necklace_91.jpg,necklace,a gold choker like necklace with diamond.,"Gold,Diamond",Diamond,,Necklace
data/Jewellery_Data\necklace\necklace_93.jpg,necklace,a gold choker like necklace with diamonds.,"Gold,Diamond",Diamond,,Necklace
data/Jewellery_Data\necklace\necklace_95.jpg,necklace,a gold bracelet with diamonds,"Gold,Diamond",Diamond,,Bracelet
data/Jewellery_Data\necklace\necklace_96.jpg,necklace,a gold choker like necklace with a diamond bar.,"Gold,Diamond",Diamond,,Necklace
data/Jewellery_Data\necklace\necklace_97.jpg,necklace,a gold necklace with two birds on it,Gold,,,Necklace
data/Jewellery_Data\necklace\necklace_98.jpg,necklace,a gold necklace with the word love ,Gold,,,Necklace
data/Jewellery_Data\necklace\necklace_99.jpg,necklace,a gold two layer necklace with the word love on it and a arrow sign,Gold,,,Necklace
data/Jewellery_Data\ring\ring_001.jpg,ring,"A white gold or platinum diamond eternity band with multiple round diamonds in a prong setting, giving it a luxurious and sparkling appearance.","Gold,White Gold,Diamond,Platinum",Diamond,,Ring
data/Jewellery_Data\ring\ring_002.jpg,ring,"An eternity-style band with slightly larger round diamonds spaced evenly along the band, offering a delicate yet elegant look.",Diamond,Diamond,,Ring
data/Jewellery_Data\ring\ring_003.jpg,ring,"A classic solitaire engagement ring featuring a round brilliant-cut diamond set in a six-prong setting on a sleek, polished white gold or platinum band.","Gold,White Gold,Diamond,Platinum",Diamond,Men,Ring
data/Jewellery_Data\ring\ring_004.jpg,ring,A gold men's ring with a structured design featuring four small diamonds set in a square arrangement on a broad band with cut-out details.,"Gold,Diamond",Diamond,Men,Ring
data/Jewellery_Data\ring\ring_005.jpg,ring,"A delicate gold ring with an artistic heart-shaped design and small diamond embellishments, possibly a promise or symbolic ring.","Gold,Diamond",Diamond,Men,Ring
data/Jewellery_Data\ring\ring_006.jpg,ring,"A gold bangle-style ring with intricate geometric cut-out patterns and diamond embellishments, offering a stylish and modern look.","Gold,Diamond",Diamond,Men,"Ring,Bracelet"
data/Jewellery_Data\ring\ring_007.jpg,ring,"A pair of intertwined gold wedding bands with a polished finish, symbolizing unity and commitment.",Gold,,Men,Ring
data/Jewellery_Data\ring\ring_008.jpg,ring,"A pair of gold rings, one featuring a solitaire diamond and the other adorned with blue evil-eye motifs and diamond accents, blending tradition with modern elegance.","Gold,Diamond",Diamond,,Ring
data/Jewellery_Data\ring\ring_009.jpg,ring,"A gold engagement ring with a large solitaire round-cut diamond set on a double-band structure, making it a bold and eye-catching statement piece.","Gold,Diamond",Diamond,Men,Ring
data/Jewellery_Data\ring\ring_013.jpg,ring,"A simplified illustration of a gold ring features a classic diamond solitaire design. The diamond is depicted with geometric lines, set atop a traditional band.","Gold,Diamond",Diamond,,Ring
data/Jewellery_Data\ring\ring_014.jpg,ring,"A yellow gold ring features a gentle curve across the finger, accented with a row of small diamonds. The design includes a split shank detail, adding a subtle contemporary touch.","Gold,Diamond",Diamond,,Ring
data/Jewellery_Data\ring\ring_015.jpg,ring,"A rose gold ring features a round brilliant center diamond held by a floral, leaf-inspired setting. The band and setting are intricately detailed with milgrain and smaller diamonds, creating a vintage, nature-inspired look.","Gold,Diamond,Rose Gold",Diamond,,Ring
data/Jewellery_Data\ring\ring_016.jpg,ring,"A white gold solitaire ring features a round brilliant diamond secured in a six-prong setting. The simple, elegant design highlights the diamond's brilliance.","Gold,White Gold,Diamond",Diamond,,Ring
data/Jewellery_Data\ring\ring_017.jpg,ring,"A white gold or platinum ring features a round brilliant center diamond in a halo setting. The band curves and is also pavé-set with diamonds, creating a swirling, dynamic design","Gold,White Gold,Diamond,Platinum",Diamond,,Ring
data/Jewellery_Data\ring\ring_018.jpg,ring,"A rose gold ring features a sculptural, open heart design","Gold,Rose Gold",,,Ring
data/Jewellery_Data\ring\ring_019.jpg,ring,"A gold ring features a faceted, heart-shaped gemstone in a vibrant red hue. The ring has a classic design with a split shank, emphasizing the heart-shaped stone.",Gold,,,Ring
data/Jewellery_Data\ring\ring_020.jpg,ring,"A yellow gold band features a row of five graduated, round brilliant diamonds. The diamonds are set in a prong setting, creating a classic and elegant design","Gold,Diamond",Diamond,,Ring
data/Jewellery_Data\ring\ring_021.jpg,ring,"A platinum ring showcases a round brilliant diamond held by a classic, prong setting. The diamond appears to be elevated, emphasizing its brilliance and size..","Diamond,Platinum",Diamond,,Ring
data/Jewellery_Data\ring\ring_022.jpg,ring,"A rose gold-tone ring features a heart-shaped centerpiece pavé-set with clear crystals. The design offers a romantic and sparkling statement with a warm, rosy hue","Gold,Rose Gold",,Men,Ring
data/Jewellery_Data\ring\ring_023.jpg,ring,"A yellow gold ring features two interlocking heart shapes, one outlined with sparkling diamonds. The hearts symbolize love and connection in a delicate, romantic design.","Gold,Diamond",Diamond,Men,Ring
data/Jewellery_Data\ring\ring_024.jpg,ring,"Two classic, polished yellow gold wedding bands are intertwined. The simple, rounded design symbolizes unity and commitment.",Gold,,Men,Ring
data/Jewellery_Data\ring\ring_025.jpg,ring,"A white gold ring features a round brilliant center diamond encircled by a double halo of smaller diamonds. The band has a twisted design, also adorned with pavé diamonds, adding a touch of elegance and sparkle.","Gold,White Gold,Diamond",Diamond,,Ring
data/Jewellery_Data\ring\ring_026.jpg,ring,A white gold ring features a vibrant blue sapphire center stone surrounded by a diamond halo. The band is also adorned with diamonds and milgrain detailing.,"Gold,White Gold,Diamond","Diamond,Sapphire",,Ring
data/Jewellery_Data\ring\ring_027.jpg,ring,"A gold ring features intricate, glowing script in an Elvish-like language around its surface.",Gold,,,Ring
data/Jewellery_Data\ring\ring_028.jpg,ring,"A two-tone ring features a round brilliant diamond set in a crown-like setting with yellow gold detailing. The band has a split shank design with blue sapphires and gold accents, reminiscent of Leicester City's colors and crest.","Gold,Diamond","Diamond,Sapphire",,Ring
data/Jewellery_Data\ring\ring_029.jpg,ring,"A yellow gold ring features a bypass design with two round brilliant diamonds. The band and setting are channel-set with smaller diamonds, creating a continuous line ","Gold,Diamond",Diamond,,Ring
data/Jewellery_Data\ring\ring_030.jpg,ring,"A 9ct gold ring by S. Michael features a round zircon in a four-prong setting. The band has a twisted design, adding a unique and elegant touch.",Gold,,,Ring
data/Jewellery_Data\ring\ring_031.jpg,ring,"A Gispan 925 sterling silver ring features a round-cut diamond in a floral-inspired setting. The band and setting are adorned with leaf-shaped details and smaller diamonds, creating an elegant, nature-inspired design.","Diamond,Silver",Diamond,,Ring
data/Jewellery_Data\ring\ring_032.jpg,ring,A Solitaire ring features an emerald-cut diamond in a four-prong setting. The platinum band is pavé-set with diamonds.,"Diamond,Platinum","Diamond,Emerald",,Ring
data/Jewellery_Data\ring\ring_033.jpg,ring,A ring features a rose gold-tone band with two interlocking sections pavé-set with clear crystals. The design creates a modern and sculptural look.,"Gold,Rose Gold",,,Ring
data/Jewellery_Data\ring\ring_034.jpg,ring,"A yellow gold ring features a heart-shaped center stone flanked by two smaller stones. The inside of the band is engraved with ""I LOVE YOU.""",Gold,,,Ring
data/Jewellery_Data\ring\ring_035.jpg,ring,"A 14k yellow gold engagement ring features a round brilliant cut diamond in a six-prong setting. The simple, polished band highlights the diamond's brilliance and clarity.","Gold,Diamond",Diamond,Men,Ring
data/Jewellery_Data\ring\ring_036.jpg,ring,"A rose gold-tone ring features a square cubic zirconia center stone in a halo setting. The band is also pavé-set with cubic zirconia, creating a continuous line of sparkle.","Gold,Rose Gold",,,Ring
data/Jewellery_Data\ring\ring_037.jpg,ring,"A yellow gold ring features a cushion-cut yellow diamond in a halo setting. The halo is comprised of smaller white diamonds, creating a striking contrast.","Gold,Diamond",Diamond,,Ring
data/Jewellery_Data\ring\ring_038.jpg,ring,"A white gold ring features a round blue sapphire center stone in a bezel setting. The sapphire is surrounded by a double halo of diamonds with milgrain detailing, creating a vintage-inspired look.","Gold,White Gold,Diamond","Diamond,Sapphire",,Ring
data/Jewellery_Data\ring\ring_039.jpg,ring,"A Swarovski ring features a butterfly motif adorned with clear crystals. The ring also includes a teardrop-shaped crystal and a pavé-set band, creating a whimsical and elegant design.",,,,Ring
data/Jewellery_Data\ring\ring_040.jpg,ring,"An 18k white gold engagement ring features a square cluster of diamonds at its center. The band is also pavé-set with diamonds, adding to the ring's overall sparkle.","Gold,White Gold,Diamond",Diamond,Men,Ring
data/Jewellery_Data\ring\ring_041.jpg,ring,"A two-tone ring features a round brilliant center stone in a four-prong setting. The band has a unique, interwoven design with diamond accents, and is stamped ""375"" indicating 9ct gold.","Gold,Diamond",Diamond,,Ring
data/Jewellery_Data\ring\ring_042.jpg,ring,"A two-tone ring features two interlocking heart shapes, one in yellow gold and the other in white gold, each holding a diamond. The band also features channel-set diamonds, adding to the ring's sparkle.","Gold,White Gold,Diamond",Diamond,,Ring
data/Jewellery_Data\ring\ring_043.jpg,ring,"A white gold ring features a bypass design with two diamond clusters. The band and setting are pavé-set with smaller diamonds, creating a sparkling and contemporary look","Gold,White Gold,Diamond",Diamond,,Ring
data/Jewellery_Data\ring\ring_044.jpg,ring,"A platinum or white gold solitaire ring showcases a round brilliant diamond in a four-prong setting. The simple, polished band highlights the diamond's size and brilliance.","Gold,White Gold,Diamond,Platinum",Diamond,,Ring
data/Jewellery_Data\ring\ring_045.jpg,ring,"A white gold ring features a round brilliant center diamond in a halo setting. The band has a unique, interwoven design with diamond accents, creating a contemporary and elegant look.","Gold,White Gold,Diamond",Diamond,,Ring
data/Jewellery_Data\ring\ring_046.jpg,ring,"A yellow gold ring from Candere features a round brilliant diamond in a four-prong setting. The band has a split shank design pavé-set with diamonds, adding extra sparkle.","Gold,Diamond",Diamond,,Ring
data/Jewellery_Data\ring\ring_047.jpg,ring,This is a Celtic wedding ring made of yellow gold. It features intricate Celtic knotwork patterns engraved around the band.,Gold,,,Ring
data/Jewellery_Data\ring\ring_048.jpg,ring,"A yellow gold ring features a central round diamond surrounded by a swirling, floral-inspired design. The setting is pavé-set with numerous smaller diamonds, creating a bold and sparkling statement","Gold,Diamond",Diamond,Men,Ring
data/Jewellery_Data\ring\ring_049.jpg,ring,"A two-tone ring features a round brilliant center stone in a floral-inspired halo setting. The band has a split shank design with intricate details, combining white and rose gold tones","Gold,Rose Gold",,,Ring
data/Jewellery_Data\ring\ring_050.jpg,ring,"A delicate rose gold ring features a central pearl flanked by clusters of small, sparkling stones, likely cubic zirconia or crystals. The design has a subtle, vintage-inspired elegance.","Gold,Rose Gold",Pearl,,Ring
data/Jewellery_Data\ring\ring_051.jpg,ring,"A rose gold ring features the ""BVLGARI BVLGARI"" inscription around its band, punctuated by alternating blue sapphire and green emerald cabochons.","Gold,Rose Gold","Emerald,Sapphire",,Ring
data/Jewellery_Data\ring\ring_052.jpg,ring,"A platinum ring features a three-stone design with a larger center diamond flanked by two smaller diamonds. The band is also accented with channel-set diamonds, enhancing the ring's sparkle.","Diamond,Platinum",Diamond,,Ring
data/Jewellery_Data\ring\ring_053.jpg,ring,A thin yellow gold band features a horizontally set baguette-cut diamond. The minimalist design showcases the simplicity and elegance of the stone.,"Gold,Diamond",Diamond,,Ring
data/Jewellery_Data\ring\ring_054.jpg,ring,"A platinum or white gold ring features a light blue, possibly aquamarine, gemstone in a six-prong setting. The stone has a pointed cut, resembling a marquise or pear shape, held securely above a simple, polished band.","Gold,White Gold,Platinum",,,Ring
data/Jewellery_Data\ring\ring_055.jpg,ring,"A rose gold-tone ring features a luminous pearl held in a floral-inspired setting. The band has a smooth, polished finish, complementing the delicate design.","Gold,Rose Gold",Pearl,Men,Ring
data/Jewellery_Data\ring\ring_056.jpg,ring,"A platinum-tone ring features a large, round, clear crystal as its centerpiece. The crystal is encircled by a band of smaller crystals, creating a halo effect, while the band itself is also pavé-set with crystals.",Platinum,,,Ring
data/Jewellery_Data\ring\ring_057.jpg,ring,"A sterling silver ring features a heart-shaped tag engraved with ""Please Return to Tiffany & Co. New York 925.""",Silver,,,Ring
data/Jewellery_Data\ring\ring_058.jpg,ring,"A sterling silver ring features a rose gold circular tag engraved with ""Please Return to Tiffany & Co. New York."" ","Gold,Rose Gold,Silver",,,Ring
data/Jewellery_Data\ring\ring_059.jpg,ring,a white gold engagement ring with a princess cut diamond,"Gold,White Gold,Diamond",Diamond,Men,Ring
data/Jewellery_Data\ring\ring_060.jpg,ring,"A sterling silver ring features a silver circular tag engraved with ""Please Return to Tiffany & Co. New York."" ",Silver,,,Ring
data/Jewellery_Data\ring\ring_061.jpg,ring,"A Pandora ring features three blue stones, likely crystals, in a graduated design. The band is a slender, polished silver, typical of Pandora's style.",Silver,Sapphire,,Ring
data/Jewellery_Data\ring\ring_062.jpg,ring,"A rose gold ring features a triangular section pavé-set with diamonds and a contrasting section of white mother-of-pearl. The ring has a sculptural, open design.","Gold,Diamond,Rose Gold","Diamond,Pearl",,Ring
data/Jewellery_Data\ring\ring_063.jpg,ring,"The Ring is white gold, featuring a central diamond and a pavé-set fan-shaped motif. The ring is presented against a plain white background.","Gold,White Gold,Diamond",Diamond,,Ring
data/Jewellery_Data\ring\ring_065.jpg,ring,"A yellow gold ring features a bow-shaped design at its center, with each side pavé-set with diamonds. The ring has a slender, polished band and a delicate, feminine aesthetic.","Gold,Diamond",Diamond,,Ring
data/Jewellery_Data\ring\ring_066.jpg,ring,"A simple yellow gold solitaire ring features a round diamond in a six-prong setting. The band is slender and polished, highlighting the diamond's brilliance.","Gold,Diamond",Diamond,,Ring
data/Jewellery_Data\ring\ring_067.jpg,ring,"A yellow gold ring features a round cluster of diamonds at its center, surrounded by a halo of smaller diamonds. The band has a split shank design with pavé-set diamonds, adding to the ring's overall sparkle.","Gold,Diamond",Diamond,,Ring
data/Jewellery_Data\ring\ring_068.jpg,ring,"A yellow gold ring features a braided or Celtic knot design, with alternating sections pavé-set with diamonds. The ring has a polished finish and a substantial, textured look.","Gold,Diamond",Diamond,,Ring
data/Jewellery_Data\ring\ring_069.jpg,ring,"A yellow gold ring features a series of three interconnected, heart-shaped links, each pavé-set with diamonds. The ring has a delicate, openwork design and a polished finish.","Gold,Diamond",Diamond,,Ring
data/Jewellery_Data\ring\ring_070.jpg,ring,"A yellow gold ring features a stylized peacock feather design, with the ""eye"" of the feather depicted in blue and orange enamel. The top half of the feather is pavé-set with diamonds, adding sparkle to the intricate design.","Gold,Diamond",Diamond,,Ring
data/Jewellery_Data\ring\ring_071.jpg,ring,"A yellow gold ring features a bypass design with two intertwined bands, each set with round diamonds in prong settings. The diamonds are evenly spaced, creating a delicate and sparkling effect.","Gold,Diamond",Diamond,,Ring
data/Jewellery_Data\ring\ring_072.jpg,ring,"A rose gold ring features a heart-shaped cluster of small, round red stones, likely simulated rubies. A flower-shaped setting with a white stone sits at the heart's center. The band is also pavé-set with the same red stones.","Gold,Rose Gold",,,Ring
data/Jewellery_Data\ring\ring_073.jpg,ring,"A simple, polished yellow gold band features a classic domed profile. The ring has a smooth, reflective surface and a timeless, minimalist design.",Gold,,,Ring
data/Jewellery_Data\ring\ring_074.jpg,ring,"A yellow gold ring features a love knot design, with one section pavé-set with diamonds. The band is slender and polished, creating a delicate and romantic piece.","Gold,Diamond",Diamond,Men,Ring
data/Jewellery_Data\ring\ring_075.jpg,ring,"A three-band rolling ring, similar in style to a Cartier Trinity ring, features yellow gold, white gold, and rose gold bands.","Gold,White Gold,Rose Gold",,,Ring
data/Jewellery_Data\ring\ring_076.jpg,ring,"A yellow gold ring features a heart-shaped knot design with one side pavé-set with diamonds. The ring has a polished finish and a delicate, romantic aesthetic","Gold,Diamond",Diamond,Men,Ring
data/Jewellery_Data\ring\ring_077.jpg,ring,"A yellow gold ring features nine gemstones in a rectangular setting, representing the Navratna (nine gems) in Vedic astrology. The band has a grooved design and a polished finish.",Gold,,,Ring
data/Jewellery_Data\ring\ring_078.jpg,ring,A yellow gold band features a textured finish with a subtle granulated or sandblasted effect. The ring has a flat profile with rounded edges and a polished inner band.,Gold,,,Ring
data/Jewellery_Data\ring\ring_079.jpg,ring,A slim yellow gold band features a hammered or textured finish across its surface. The ring has a slightly rounded profile and a polished inner band.,Gold,,,Ring
data/Jewellery_Data\ring\ring_080.jpg,ring,A yellow gold band features a grooved design with multiple parallel lines running around its circumference. The ring has a polished finish and a slightly rounded profile.,Gold,,,Ring
data/Jewellery_Data\ring\ring_081.jpg,ring,"A classic, polished band in a light-colored metal, likely platinum or white gold, features a slightly domed profile. The ring has a smooth, reflective surface and a timeless, minimalist design.","Gold,White Gold,Platinum",,,Ring
data/Jewellery_Data\ring\ring_082.jpg,ring,"A Caratlane 18kt yellow gold ring features an intricate, floral-inspired openwork design. The center of the flower is accented with a small, round white gold or diamond detail.","Gold,White Gold,Diamond",Diamond,,Ring
data/Jewellery_Data\ring\ring_083.jpg,ring,"A yellow gold ring features a stylized, cursive initial ""M"" in white gold, pavé-set with diamonds. The band has a double shank design, adding a contemporary touch.","Gold,White Gold,Diamond",Diamond,,Ring
data/Jewellery_Data\ring\ring_084.jpg,ring,"A wide yellow gold band features a textured center panel with a hammered or granulated effect. The edges are smooth and polished, creating a contrast in finishes",Gold,,,Ring
data/Jewellery_Data\ring\ring_085.jpg,ring,"A yellow gold ring features a heart-shaped diamond in a halo setting. The band has a split shank design with pavé-set diamonds, adding extra sparkle.","Gold,Diamond",Diamond,,Ring
data/Jewellery_Data\ring\ring_086.jpg,ring,"A 925 sterling silver ring features two intertwined hearts, one in rose gold, each set with a small diamond. The band has a split shank design, adding a modern touch.","Gold,Diamond,Rose Gold,Silver",Diamond,,Ring
data/Jewellery_Data\ring\ring_087.jpg,ring,"A yellow gold ring features an emerald-cut emerald in a halo setting. The halo is comprised of small diamonds, creating a classic and elegant design","Gold,Diamond","Diamond,Emerald",,Ring
data/Jewellery_Data\ring\ring_088.jpg,ring,"A yellow gold ring features a curved band with a bezel-set, oval-cut blue topaz gemstone. The design has a modern, minimalist aesthetic.",Gold,Topaz,,Ring
data/Jewellery_Data\ring\ring_089.jpg,ring,"A delicate 14k white gold band is set with small, round diamonds along its top half. The diamonds are likely pavé-set, creating a continuous line of sparkle.","Gold,White Gold,Diamond",Diamond,,Ring
data/Jewellery_Data\ring\ring_090.jpg,ring,"A yellow gold ring features a round purple amethyst, set in a halo of diamonds. The setting has an intricate, open design with swirling details","Gold,Diamond","Diamond,Amethyst",,Ring
data/Jewellery_Data\ring\ring_091.jpg,ring,"A yellow gold ring features a round diamond in a partial halo setting. The band has a bypass design with pavé-set diamonds, creating a swirling, elegant look.","Gold,Diamond",Diamond,,Ring
data/Jewellery_Data\ring\ring_092.jpg,ring,"A yellow gold ring features a floral design with a cluster of diamonds at its center. The band has a bypass design with a slender, polished finish.","Gold,Diamond",Diamond,,Ring
data/Jewellery_Data\ring\ring_093.jpg,ring,"A yellow gold ring features a round diamond in a prong setting, flanked by two open heart shapes. The band has a slender, polished finish, creating a delicate and romantic piece.","Gold,Diamond",Diamond,Men,Ring
data/Jewellery_Data\ring\ring_094.jpg,ring,"A yellow gold ring features a floral design with a cluster of diamonds at its center. The band has a bypass design with pavé-set diamonds, adding to the ring's sparkle.","Gold,Diamond",Diamond,,Ring
data/Jewellery_Data\ring\ring_095.jpg,ring,"A rose gold ring features a pear-shaped ruby in a prong setting. The ring also has a stylized heart-shaped accent with small diamonds, creating a romantic and elegant design.","Gold,Diamond,Rose Gold","Diamond,Ruby",Men,Ring
data/Jewellery_Data\ring\ring_096.jpg,ring,"A yellow gold ring features a square cluster of nine diamonds in a square setting. The band has an intricate, openwork design with geometric patterns.","Gold,Diamond",Diamond,,Ring
data/Jewellery_Data\ring\ring_097.jpg,ring,"A two-tone ring features a square rose gold panel with a single diamond at its center. The band is crafted in white gold with a grooved design, creating a contemporary and elegant look.","Gold,White Gold,Diamond,Rose Gold",Diamond,,Ring
data/Jewellery_Data\ring\ring_098.jpg,ring,"A white gold ring features three small diamonds set in square bezels. The band has a bypass design with a slender, polished finish.","Gold,White Gold,Diamond",Diamond,,Ring
data/Jewellery_Data\ring\ring_099.jpg,ring,"A two-tone ring spells out the word ""LOVE"" in a stylized font. The ""O"" is represented by a rose gold heart with a small diamond at its center. The rest of the ring is crafted in white gold","Gold,White Gold,Diamond,Rose Gold",Diamond,,Ring
data/Jewellery_Data\ring\ring_100.jpg,ring,"A yellow gold ring features two small diamonds set in leaf-shaped bezels. The band has a slender, bypass design, creating a delicate and nature-inspired piece.","Gold,Diamond",Diamond,,Ring
data/Jewellery_Data\ring\ring_101.jpg,ring,"A yellow gold ring features two small diamonds set in leaf-shaped bezels. The band has a slender, bypass design, creating a delicate and nature-inspired piece.","Gold,Diamond",Diamond,,Ring
data/Jewellery_Data\ring\ring_102.jpg,ring,"A white gold ring spells out the word ""LOVE"" with a heart-shaped cluster of diamonds as the ""O"". The band has a slender, polished finish, creating a delicate and romantic design","Gold,White Gold,Diamond",Diamond,Men,Ring
data/Jewellery_Data\ring\ring_103.jpg,ring,"A yellow gold ring features a knot design with one section pavé-set with diamonds. The ring has a polished finish and a slender, elegant profile.","Gold,Diamond",Diamond,,Ring
data/Jewellery_Data\ring\ring_104.jpg,ring,"A yellow gold ring features a heart-shaped setting with a single diamond at its center. The band has an open, bypass design, creating a delicate and romantic look.","Gold,Diamond",Diamond,Men,Ring
data/Jewellery_Data\ring\ring_105.jpg,ring,"A yellow gold ring features a cluster of nine gemstones, representing the Navratna (nine gems) in Vedic astrology. The band has a double shank design and a polished finish.",Gold,,,Ring
data/Jewellery_Data\ring\ring_106.jpg,ring,"A yellow gold ring features a heart-shaped ruby in a bezel setting. The band has an open, bypass design, creating a modern and delicate look.",Gold,Ruby,,Ring
data/Jewellery_Data\ring\ring_107.jpg,ring,"A yellow gold band features a small, round diamond set in a bezel setting with a unique, geometric shape. The ring has a smooth, polished finish and a contemporary design.","Gold,Diamond",Diamond,,Ring
data/Jewellery_Data\ring\ring_108.jpg,ring,a plain wedding ring in white gold,"Gold,White Gold",,,Ring
data/Jewellery_Data\ring\ring_109.jpg,ring,"A white gold band features a grooved design with two parallel lines running around its circumference, creating a channel effect. The ring has a polished finish and a slightly rounded profile.","Gold,White Gold",,,Ring
data/Jewellery_Data\ring\ring_110.jpg,ring,"A white gold ring features a square cluster of nine diamonds in a channel setting. The band has two yellow gold stripes running along its sides, adding a touch of contrast.","Gold,White Gold,Diamond",Diamond,,Ring
data/Jewellery_Data\ring\ring_111.jpg,ring,"A yellow gold ring features a triangular cluster of diamonds at its center, surrounded by a swirling, openwork design. The ring has a modern, sculptural aesthetic.","Gold,Diamond",Diamond,,Ring
data/Jewellery_Data\ring\ring_112.jpg,ring,"A 9ct white gold ring features a crossover design with a row of small diamonds. The ring has a polished finish and a slender, elegant profile.","Gold,White Gold,Diamond",Diamond,,Ring
data/Jewellery_Data\ring\ring_113.jpg,ring,"A yellow gold bridal set features a cluster of diamonds in a square halo setting for the engagement ring, accompanied by a matching diamond-accented wedding band. Both rings have pavé-set diamonds along the bands, creating a sparkling, cohesive look.","Gold,Diamond",Diamond,"Women,Men",Ring
data/Jewellery_Data\ring\ring_114.jpg,ring,A yellow gold ring features a rectangular setting with nine diamonds in a square cluster. The band has an openwork design and white gold accents.,"Gold,White Gold,Diamond",Diamond,,Ring
data/Jewellery_Data\ring\ring_115.jpg,ring,"An 18k rose gold ring features an intricate, openwork floral design. The ring has a polished finish and a delicate, feminine aesthetic.","Gold,Rose Gold",,,Ring
data/Jewellery_Data\ring\ring_116.jpg,ring,"A white gold band features a floral-inspired design with diamond accents. The ring has a polished finish and a delicate, nature-inspired aesthetic.","Gold,White Gold,Diamond",Diamond,,Ring
data/Jewellery_Data\ring\ring_117.jpg,ring,"A white gold ring features a slender, bypass design with three small diamonds set in a curved, elongated setting. The ring has a polished finish and a delicate, minimalist aesthetic.","Gold,White Gold,Diamond",Diamond,,Ring
data/Jewellery_Data\ring\ring_118.jpg,ring,"A yellow gold band features a wide, intricate design with diamonds set in geometric patterns. The ring is heavily embellished with pavé-set diamonds along the edges and within the central design.","Gold,Diamond",Diamond,,Ring
data/Jewellery_Data\ring\ring_119.jpg,ring,A white gold ring features a heart-shaped blue topaz in a bezel setting. The band has a bypass design with small diamond accents on each side.,"Gold,White Gold,Diamond","Diamond,Topaz",,Ring
data/Jewellery_Data\ring\ring_120.jpg,ring,"A 925 sterling silver ring features a heart-shaped design with a small cluster of round diamonds. The band has a slender, polished finish, creating a delicate and romantic piece.","Diamond,Silver",Diamond,Men,Ring
data/Jewellery_Data\ring\ring_121.jpg,ring,"A classic, polished yellow gold band features a slightly domed profile. The ring has a smooth, reflective surface and a timeless, minimalist design, often used for wedding or engagement bands.",Gold,,Men,Ring
data/Jewellery_Data\ring\ring_122.jpg,ring,"Lali Geometric Gold Ring, featuring a unique design with a gold cube and a textured gold sphere. The ring has an open, adjustable band and showcases a modern, minimalist aesthetic.",Gold,,,Ring
data/Jewellery_Data\ring\ring_123.jpg,ring,"A yellow gold ring features a row of small diamonds in a channel setting with a unique, openwork design. The ring has a polished finish and a contemporary, textured look.","Gold,Diamond",Diamond,,Ring
data/Jewellery_Data\ring\ring_124.jpg,ring,"A white gold ring features three small diamonds in a cluster setting, forming a triangular shape. The band has a slender, polished finish and a delicate, minimalist design.","Gold,White Gold,Diamond",Diamond,,Ring
data/Jewellery_Data\ring\ring_125.jpg,ring,"A yellow gold ring features a pear-shaped ruby and a pear-shaped diamond side by side. The band has a slender, polished finish and a bypass design.","Gold,Diamond","Diamond,Ruby",,Ring
data/Jewellery_Data\ring\ring_126.jpg,ring,"A yellow gold ring features a single round diamond in a prong setting. The band has a bypass design with a slender, polished finish.","Gold,Diamond",Diamond,,Ring
data/Jewellery_Data\ring\ring_127.jpg,ring,"A platinum band features a grooved design with two parallel lines running around its circumference, creating a channel effect. The ring has a brushed finish on the center and polished edges.",Platinum,,,Ring
data/Jewellery_Data\ring\ring_128.jpg,ring,"A yellow gold ring features a pear-shaped, solid gold element at its center. The band has a unique, open design with two small gold balls at the ends.",Gold,,Men,Ring
data/Jewellery_Data\ring\ring_129.jpg,ring,"A yellow gold ring features an infinity symbol design with one side pavé-set with diamonds. The ring has a polished finish and a slender, elegant profile.","Gold,Diamond",Diamond,,Ring
data/Jewellery_Data\ring\ring_130.jpg,ring,"A yellow gold ring features a complex, interwoven design with diamond accents set in white gold squares. The ring has a textured, rope-like border and a substantial, statement-making presence.","Gold,White Gold,Diamond",Diamond,Men,Ring
data/Jewellery_Data\ring\ring_131.jpg,ring,"A yellow gold ring features a pear-shaped amethyst in a bezel setting. The band has an intricate, openwork design with swirling patterns.",Gold,Amethyst,,Ring
data/Jewellery_Data\ring\ring_132.jpg,ring,A yellow gold band features a row of small diamonds in a channel setting. The ring has a polished finish and a slightly tapered design.,"Gold,Diamond",Diamond,,Ring
data/Jewellery_Data\ring\ring_133.jpg,ring,"A white gold ring features a heart-shaped setting with pavé-set diamonds. The band is accented with a row of pink sapphires on each side, creating a delicate and romantic design.","Gold,White Gold,Diamond","Diamond,Sapphire",Men,Ring
data/Jewellery_Data\ring\ring_134.jpg,ring,A white gold band features a single round diamond in a bezel setting. The ring has a grooved design and a polished finish.,"Gold,White Gold,Diamond",Diamond,,Ring
data/Jewellery_Data\ring\ring_135.jpg,ring,"A yellow gold ring features a small, floral-shaped cluster of diamonds at its center. The band has a slender, polished finish and a delicate, minimalist design.","Gold,Diamond",Diamond,,Ring
data/Jewellery_Data\ring\ring_136.jpg,ring,A yellow gold ring features a wide band with a repeating diamond floral pattern. The ring is heavily embellished with pavé-set diamonds along the edges and within the central design.,"Gold,Diamond",Diamond,,Ring
data/Jewellery_Data\ring\ring_137.jpg,ring,"Diamond Flower Ring, featuring a central cluster of round diamonds surrounded by marquise-shaped diamonds, forming a floral motif. The ring has a yellow gold band with a polished finish.","Gold,Diamond",Diamond,,Ring
data/Jewellery_Data\ring\ring_138.jpg,ring,"A yellow gold ring features a heart-shaped design with pavé-set diamonds on one side. The band has a knot detail, creating a unique and romantic look.","Gold,Diamond",Diamond,Men,Ring
data/Jewellery_Data\ring\ring_139.jpg,ring,"A yellow gold ring features two butterfly-shaped clusters of diamonds. The band has a slender, bypass design, creating a delicate and whimsical look.","Gold,Diamond",Diamond,,Ring
data/Jewellery_Data\ring\ring_140.jpg,ring,"A yellow gold ring features a round diamond in a four-prong setting. The band is slender and polished, creating a classic solitaire design.","Gold,Diamond",Diamond,,Ring
data/Jewellery_Data\ring\ring_141.jpg,ring,A rose gold band features a diagonal channel set with small diamonds. The ring has a grooved design and a polished finish.,"Gold,Diamond,Rose Gold",Diamond,,Ring
data/Jewellery_Data\ring\ring_142.jpg,ring,A rose gold band features a diagonal channel set with small diamonds. The ring has a grooved design and a polished finish.,"Gold,Diamond,Rose Gold",Diamond,,Ring
data/Jewellery_Data\ring\ring_143.jpg,ring,"A yellow gold ring features a heart-shaped setting with a double halo of diamonds. The ring has a polished finish and a slender band, creating a romantic and elegant design.","Gold,Diamond",Diamond,Men,Ring
data/Jewellery_Data\ring\ring_144.jpg,ring,"A yellow gold ring features a floral-shaped cluster of round diamonds at its center, flanked by two square diamonds. The band is slender and polished, creating a delicate and elegant design.","Gold,Diamond",Diamond,,Ring
data/Jewellery_Data\ring\ring_145.jpg,ring,"A white gold ring features a knot design with two rows of pavé-set diamonds. The ring has a polished finish and a slender, elegant profile.","Gold,White Gold,Diamond",Diamond,,Ring
data/Jewellery_Data\ring\ring_146.jpg,ring,"A yellow gold ring features a cluster of diamonds in a square setting, flanked by two rows of smaller diamonds. The band has a bypass design with a polished finish.","Gold,Diamond",Diamond,,Ring
data/Jewellery_Data\ring\ring_147.jpg,ring,"A yellow gold ring features a small, round cluster of diamonds in a bezel setting. The band has a slender, polished finish and a slightly curved design.","Gold,Diamond",Diamond,,Ring
data/Jewellery_Data\ring\ring_148.jpg,ring,"A yellow gold ring features a row of five small diamonds set in a curved, prong setting. The band has a slender, polished finish and a bypass design, creating a delicate and elegant look.","Gold,Diamond",Diamond,,Ring
data/Jewellery_Data\ring\ring_149.jpg,ring,"A yellow gold ring features a round cluster of diamonds in a bezel setting with a white gold rim. The band has a bypass design with a twisted effect, creating a modern and elegant look.","Gold,White Gold,Diamond",Diamond,,Ring
data/Jewellery_Data\ring\ring_150.jpg,ring,"A rose gold ring features a double heart design with a row of small diamonds connecting the two hearts. The ring has a polished finish and a delicate, romantic aesthetic.","Gold,Diamond,Rose Gold",Diamond,Men,Ring
data/Jewellery_Data\ring\ring_151.jpg,ring,"A yellow gold ring features a pear-shaped amethyst cabochon in a bezel setting. The setting is surrounded by a halo of small diamonds, and a delicate gold chain connects the setting to the band.","Gold,Diamond","Diamond,Amethyst",,"Ring,Necklace"
data/Jewellery_Data\ring\ring_152.jpg,ring,"A yellow gold ring features a floral design with pavé-set diamonds forming a six-petal flower. The ring has a polished finish and a delicate, feminine aesthetic.","Gold,Diamond",Diamond,,Ring
data/Jewellery_Data\ring\ring_153.jpg,ring,"A yellow gold ring features a floral-shaped cluster of diamonds at its center. The diamonds are set in a prong setting, creating a sparkling and delicate design. The band is slender and polished.","Gold,Diamond",Diamond,,Ring
data/Jewellery_Data\ring\ring_154.jpg,ring,"A yellow gold ring features a cluster of nine gemstones, representing the Navratna (nine gems) in Vedic astrology. The band has a bypass design and a polished finish.",Gold,,,Ring
data/Jewellery_Data\ring\ring_155.jpg,ring,"A gold ring with a circular top, featuring a diamond-encrusted initial ""P,"" ideal for personalization.","Gold,Diamond",Diamond,,Ring
data/Jewellery_Data\ring\ring_156.jpg,ring,"A dazzling white gold ring with a concentric diamond cluster design, creating a sparkling halo effect.","Gold,White Gold,Diamond",Diamond,,Ring
data/Jewellery_Data\ring\ring_157.jpg,ring,"A romantic dual-tone ring featuring intertwined hearts and an infinity symbol, accented with diamonds",Diamond,Diamond,Men,Ring
data/Jewellery_Data\ring\ring_158.jpg,ring,"A stunning combination of white and yellow gold with a central solitaire diamond. The design features a geometric gold setting with small accent diamonds, giving it a unique and contemporary touch.","Gold,Diamond",Diamond,,
data/Jewellery_Data\ring\ring_159.jpg,ring,"Floral Dome Gold Ring:This statement ring has a hammered gold dome with a floral diamond arrangement at the center. The silver band has an intricate split design, adding elegance and charm.","Gold,Diamond,Silver",Diamond,Men,Ring
data/Jewellery_Data\ring\ring_160.jpg,ring,"A sleek and modern wedding band made of platinum or white gold, featuring a single embedded diamond in the center.","Gold,White Gold,Diamond,Platinum",Diamond,,Ring
data/Jewellery_Data\ring\ring_161.jpg,ring,A charming gold ring featuring two lovebirds with ruby inlays for their bodies. The artistic detailing makes it a romantic and symbolic piece.,Gold,Ruby,Men,Ring
data/Jewellery_Data\ring\ring_162.jpg,ring,A gorgeous yellow gold band adorned with multiple diamond-encrusted flowers. The alternating floral pattern makes it a perfect choice for those who love nature-inspired designs,"Gold,Diamond",Diamond,,Ring
data/Jewellery_Data\ring\ring_163.jpg,ring,A bold and modern statement ring featuring a rectangular gold frame with black enamel inlays. The geometric pattern makes it a trendy and eye-catching accessory.,Gold,,Men,Ring
data/Jewellery_Data\ring\ring_164.jpg,ring,"A timeless gold wedding band with intricate milgrain detailing along the edges. The design gives it a vintage appeal, making it a great choice for traditional jewelry lovers.",Gold,,,Ring
data/Jewellery_Data\ring\ring_165.jpg,ring,A platinum ring with a leaf-like design.,Platinum,,,Ring
data/Jewellery_Data\ring\ring_166.jpg,ring,"A white gold ring showcases a central cluster of round diamonds flanked by baguette and marquise-cut diamonds. The design creates a sparkling, elongated floral effect with a mix of diamond shapes","Gold,White Gold,Diamond",Diamond,,Ring
data/Jewellery_Data\ring\ring_167.jpg,ring,"A yellow gold ring with two entwined, diamond-accented hearts.","Gold,Diamond",Diamond,,Ring
data/Jewellery_Data\ring\ring_168.jpg,ring,"A yellow gold ring features an oval-cut emerald at its center, surrounded by a halo of alternating diamonds and smaller emeralds. The design creates a vibrant and elegant floral-inspired look.","Gold,Diamond","Diamond,Emerald",,Ring
data/Jewellery_Data\ring\ring_169.jpg,ring,"A yellow gold ring features a floral-inspired cluster of diamonds in the center. The design combines round brilliant and baguette-cut diamonds, creating a sparkling and textured effect.","Gold,Diamond",Diamond,,Ring
data/Jewellery_Data\ring\ring_170.jpg,ring,"A rose gold band ring features intricate, swirling filigree detailing along its edges. The band has a slightly contoured shape, adding a touch of vintage elegance.","Gold,Rose Gold",,,Ring
data/Jewellery_Data\ring\ring_171.jpg,ring,"A white gold bridal set features a square halo engagement ring with a center princess-cut diamond. The matching band is adorned with pavé diamonds and milgrain detailing, complementing the intricate design of the engagement ring.","Gold,White Gold,Diamond",Diamond,"Women,Men",Ring
data/Jewellery_Data\ring\ring_172.jpg,ring,"A gold ring with a circular top, featuring a diamond-encrusted initial ""A,"" ideal for personalization","Gold,Diamond",Diamond,,Ring
data/Jewellery_Data\ring\ring_173.jpg,ring,"A two-tone men's ring features a rectangular cluster of diamonds in a yellow gold setting. The wide, white gold band is accented with yellow gold details on the shoulders, creating a masculine and contemporary design.","Gold,White Gold,Diamond",Diamond,Men,Ring
data/Jewellery_Data\ring\ring_174.jpg,ring,"A two-tone ring features a cluster of nine diamonds set in a white gold center. The design incorporates yellow gold accents in the form of parallel bands along the sides, creating a modern and structured look.","Gold,White Gold,Diamond",Diamond,,Ring
data/Jewellery_Data\ring\ring_175.jpg,ring,"A brushed white gold band features three bezel-set diamonds, each nestled in a leaf-shaped accent. The diamonds are aligned along a central groove, creating a subtle, nature-inspired design.","Gold,White Gold,Diamond",Diamond,,Ring
data/Jewellery_Data\ring\ring_176.jpg,ring,"A rose gold band ring features a delicate floral design. Three flower motifs, each set with small diamonds, are arranged in a row, creating a feminine and elegant look","Gold,Diamond,Rose Gold",Diamond,,Ring
data/Jewellery_Data\ring\ring_177.jpg,ring,"A yellow gold ring features a large, round gemstone, possibly smoky quartz, with a faceted cut. The setting includes intricate, filigree-style cutouts around the stone, adding a vintage-inspired touch.",Gold,,,Ring
data/Jewellery_Data\ring\ring_178.jpg,ring,"A modern, white gold ring with a dynamic, crossover design. The intersecting bands are pavé-set with sparkling diamonds, creating a bold and eye-catching statement.","Gold,White Gold,Diamond",Diamond,Men,Ring
data/Jewellery_Data\ring\ring_179.jpg,ring,"A wide, white gold band intricately set with numerous small diamonds. The design features floral-inspired cutouts and a scalloped, diamond-encrusted edge.","Gold,White Gold,Diamond",Diamond,,Ring
data/Jewellery_Data\ring\ring_180.jpg,ring,"A sleek platinum ring with a contemporary design. It showcases a solitary, brilliant-cut diamond held in a smooth bezel setting.","Diamond,Platinum",Diamond,,Ring
data/Jewellery_Data\ring\ring_181.jpg,ring,a gold wedding ring with texture pattern,Gold,,,Ring
data/Jewellery_Data\ring\ring_182.jpg,ring,"A yellow gold ring features three rows of diamonds, each set in a channel between yellow gold bars. The band has a grooved design and a polished finish.","Gold,Diamond",Diamond,,Ring
data/Jewellery_Data\ring\ring_183.jpg,ring,"A two-tone ring features three rows of diamonds, each set in a channel between yellow gold bars. The band has a grooved design in white gold on the sides, creating a textured and modern look.","Gold,White Gold,Diamond",Diamond,,Ring
data/Jewellery_Data\ring\ring_184.jpg,ring,A yellow gold ring features a wide band with diamond floral motifs. The ring is heavily embellished with pavé-set diamonds along the edges and within the central design.,"Gold,Diamond",Diamond,,Ring
data/Jewellery_Data\ring\ring_185.jpg,ring,"A white gold ring features multiple rows of pavé-set diamonds, creating a wide, sparkling band. The ring has a polished finish and a substantial, luxurious feel.","Gold,White Gold,Diamond",Diamond,,Ring
data/Jewellery_Data\ring\ring_187.jpg,ring,"A white gold band features two small diamonds in a bezel setting, forming a subtle, stylized bow. The ring has a brushed finish and a contemporary, minimalist design.","Gold,White Gold,Diamond",Diamond,,Ring
data/Jewellery_Data\ring\ring_188.jpg,ring,"A gold ring with a round-cut blue gemstone, held by an intricate gold design that adds an elegant, vintage touch.",Gold,,,Ring
data/Jewellery_Data\ring\ring_189.jpg,ring,"A delicate gold ring with a curved design featuring two small diamonds, perfect for minimalistic elegance.","Gold,Diamond",Diamond,,Ring
data/Jewellery_Data\ring\ring_190.jpg,ring,"A two-tone ring features three rows of diamonds, each set in a channel between yellow gold bars. The band has a grooved design in white gold on the sides, creating a textured and modern look.","Gold,White Gold,Diamond",Diamond,,Ring
data/Jewellery_Data\ring\ring_191.jpg,ring,"A yellow gold ring features three rows of diamonds, each set in a channel between yellow gold bars. The band has a grooved design and a polished finish.","Gold,Diamond",Diamond,,Ring
data/Jewellery_Data\ring\ring_192.jpg,ring,"A yellow gold ring features a cluster of nine gemstones, representing the Navratna (nine gems) in Vedic astrology. The band has a double shank design and a polished finish.",Gold,,,Ring
data/Jewellery_Data\ring\ring_193.jpg,ring,A simple and elegant gold ring with four small diamonds arranged in a square setting.,"Gold,Diamond",Diamond,,Ring
data/Jewellery_Data\ring\ring_064.png,ring,"A yellow gold ring features a princess-cut diamond in a four-prong setting. The band is smooth and polished, emphasizing the diamond's clarity and cut.","Gold,Diamond",Diamond,,Ring
